platform,creator_id,post_id,url,published_at,year_month,title,is_paywalled,has_full_text,word_count,tags,claps_or_likes,comments_count,language,audience,text_source
substack,substack:slowboring,215747343,https://www.slowboring.com/p/trying-to-convince-people-youre-right,2026-09-18T10:01:04.886Z,2026-09,Trying to convince people you’re right is underrated,true,false,,,25,18,,only_paid,archive_api
substack,substack:slowboring,216161447,https://www.slowboring.com/p/thursday-discussion-post-af3,2026-09-17T22:01:07.682Z,2026-09,Thursday discussion post,true,false,,,4,193,,only_paid,archive_api
substack,substack:slowboring,216057034,https://www.slowboring.com/p/the-argument-podcast-ad-free-why,2026-09-17T17:52:33.946Z,2026-09,"“The Argument” podcast, ad-free: Why the worst people always end up in charge",true,false,,,6,1,,only_paid,archive_api
substack,substack:slowboring,215896415,https://www.slowboring.com/p/how-to-stop-hitler,2026-09-17T10:03:35.782Z,2026-09,How to stop Hitler,true,false,,,105,267,,only_paid,archive_api
substack,substack:slowboring,216024111,https://www.slowboring.com/p/republicans-are-playing-defense-in,2026-09-16T22:01:05.159Z,2026-09,Republicans are playing defense in what should be easy races,true,false,,,47,212,,only_paid,archive_api
substack,substack:slowboring,215501256,https://www.slowboring.com/p/destroying-womens-sports-in-order,2026-09-16T10:01:26.617Z,2026-09,Destroying women’s sports in order to save it,false,true,1714,,336,771,,everyone,rss
substack,substack:slowboring,215823634,https://www.slowboring.com/p/tuesday-discussion-post-294,2026-09-15T22:01:57.067Z,2026-09,Tuesday discussion post,true,false,,,5,216,,only_paid,archive_api
substack,substack:slowboring,215085063,https://www.slowboring.com/p/sanctions-on-west-bank-settlements,2026-09-15T10:02:03.433Z,2026-09,Sanctions on West Bank settlements aren’t enough ,true,false,,,207,684,,only_paid,archive_api
substack,substack:slowboring,215686458,https://www.slowboring.com/p/bay-area-officials-want-more-housing,2026-09-14T22:01:53.111Z,2026-09,Bay Area officials want more housing to keep up with the A.I. boom. One developer sees a different opportunity.,true,false,,,41,135,,only_paid,archive_api
substack,substack:slowboring,215120413,https://www.slowboring.com/p/a-simple-plan-to-save-the-world-from,2026-09-14T10:03:04.342Z,2026-09,A simple plan to save the world from rogue A.I.,false,true,2542,,424,574,,everyone,rss
substack,substack:slowboring,215084861,https://www.slowboring.com/p/sunday-thread-mailbag-9e2,2026-09-13T17:01:52.618Z,2026-09,Sunday Thread + Mailbag,true,false,,,13,430,,only_paid,archive_api
substack,substack:slowboring,215253631,https://www.slowboring.com/p/what-ive-learned-after-a-year-covering,2026-09-12T13:03:58.765Z,2026-09,What I’ve learned after a year covering housing,true,false,,,71,195,,only_paid,archive_api
substack,substack:lennysnewsletter,214360366,https://www.lennysnewsletter.com/p/60-creative-growth-ideas,2026-09-15T12:45:28.445Z,2026-09,60+ new creative growth ideas,true,false,,,355,5,,only_paid,archive_api
substack,substack:lennysnewsletter,213056760,https://www.lennysnewsletter.com/p/how-to-turn-your-ai-into-a-world,2026-09-01T12:45:59.568Z,2026-09,How to turn your AI into a world-class designer,true,false,,,928,20,,only_paid,archive_api
substack,substack:lennysnewsletter,212023427,https://www.lennysnewsletter.com/p/how-to-figure-out-your-next-career,2026-08-25T13:04:15.691Z,2026-08,How to figure out your next career move,true,false,,,480,1,,only_paid,archive_api
substack,substack:lennysnewsletter,208730073,https://www.lennysnewsletter.com/p/announcing-lennys-jobs-the-best-place,2026-08-18T15:40:06.921Z,2026-08,"Announcing Lenny’s Jobs: The best place in the world to find, vet, and land your dream job",false,true,,,376,18,,everyone,archive_api
substack,substack:lennysnewsletter,210403546,https://www.lennysnewsletter.com/p/how-to-make-people-care-about-your,2026-08-11T13:31:07.993Z,2026-08,How to make people care about your startup,true,false,,,444,7,,only_paid,archive_api
substack,substack:lennysnewsletter,209417296,https://www.lennysnewsletter.com/p/what-if-youre-not-supposed-to-have,2026-08-04T13:02:53.052Z,2026-08,What if you’re not supposed to have a long-term plan?,true,false,,,503,12,,only_paid,archive_api
substack,substack:lennysnewsletter,207842013,https://www.lennysnewsletter.com/p/productpass-summer2026launch,2026-07-28T15:54:24.972Z,2026-07,"11 products I love, free for a year—the biggest Product Pass expansion in 2 years",false,true,,,347,15,,everyone,archive_api
substack,substack:lennysnewsletter,207182275,https://www.lennysnewsletter.com/p/how-to-take-a-sabbatical,2026-07-21T12:45:10.123Z,2026-07,Why a sabbatical can change everything,true,false,,,458,5,,only_paid,archive_api
substack,substack:lennysnewsletter,195557892,https://www.lennysnewsletter.com/p/how-tech-workers-are-feeling-in-2026,2026-07-07T13:04:22.732Z,2026-07,How tech workers are feeling in 2026: a workforce splitting in two,true,false,,,621,15,,only_paid,archive_api
substack,substack:lennysnewsletter,203730639,https://www.lennysnewsletter.com/p/how-top-pms-increase-their-leverage,2026-06-30T13:31:39.091Z,2026-06,How top PMs increase their leverage with AI ,true,false,,,325,,,only_paid,archive_api
substack,substack:lennysnewsletter,202768941,https://www.lennysnewsletter.com/p/the-new-inner-game-your-unfair-advantage,2026-06-23T12:45:59.693Z,2026-06,The new inner game: Your unfair advantage in the age of AI,true,false,,,578,5,,only_paid,archive_api
substack,substack:lennysnewsletter,200830169,https://www.lennysnewsletter.com/p/essential-books-for-product-builderspart-611,2026-06-09T13:11:29.925Z,2026-06,Essential books for product builders—part 2,true,false,,,336,11,,only_paid,archive_api
substack,substack:astralcodexten,216071138,https://www.astralcodexten.com/p/ai-superforecasting-should-transform,2026-09-16T23:33:42.340Z,2026-09,AI Superforecasting Should Transform The FDA,false,true,1423,,100,108,,everyone,rss
substack,substack:astralcodexten,214878061,https://www.astralcodexten.com/p/king-ludd,2026-09-14T23:56:40.626Z,2026-09,King Ludd,false,true,2928,,493,369,,everyone,rss
substack,substack:astralcodexten,215545106,https://www.astralcodexten.com/p/open-thread-451,2026-09-13T23:12:52.444Z,2026-09,Open Thread 451,false,true,789,,63,759,,everyone,rss
substack,substack:astralcodexten,212242052,https://www.astralcodexten.com/p/royce-on-san-francisco,2026-09-10T11:10:18.859Z,2026-09,Royce On San Francisco,false,true,2397,,186,106,,everyone,rss
substack,substack:astralcodexten,207542232,https://www.astralcodexten.com/p/god-help-us-lets-try-to-learn-about,2026-09-08T12:04:21.658Z,2026-09,"God Help Us, Let’s Try To Learn About Mechanistic Interpretability Techniques",false,true,4755,,430,261,,everyone,rss
substack,substack:astralcodexten,214528320,https://www.astralcodexten.com/p/open-thread-450,2026-09-07T07:04:17.246Z,2026-09,Open Thread 450,false,true,649,,57,437,,everyone,rss
substack,substack:astralcodexten,210677400,https://www.astralcodexten.com/p/your-book-review-the-tale-of-genji,2026-09-04T19:34:24.551Z,2026-09,Your Book Review: The Tale Of Genji,false,true,9927,,231,114,,everyone,rss
substack,substack:astralcodexten,213803894,https://www.astralcodexten.com/p/college-ea-meetups-everywhere-times,2026-09-03T08:10:42.755Z,2026-09,College EA Meetups Everywhere: Times & Places,false,true,7555,,63,18,,everyone,rss
substack,substack:astralcodexten,213670674,https://www.astralcodexten.com/p/absurd-adventure-and-amygdalectomy,2026-09-02T05:51:22.421Z,2026-09,Absurd Adventure And Amygdalectomy Advocacy,false,true,4529,,416,214,,everyone,rss
substack,substack:astralcodexten,213464319,https://www.astralcodexten.com/p/nicholas-decker-in-hell,2026-09-01T07:37:05.059Z,2026-09,Nicholas Decker In Hell,false,true,3503,,633,459,,everyone,rss
substack,substack:astralcodexten,213516967,https://www.astralcodexten.com/p/open-thread-449,2026-08-31T09:36:20.235Z,2026-08,Open Thread 449,false,true,179,,57,506,,everyone,rss
substack,substack:astralcodexten,210675619,https://www.astralcodexten.com/p/your-book-review-thomas-urquharts,2026-08-28T17:32:14.561Z,2026-08,Your Book Review: Thomas Urquhart’s Translation Of Rabelais,false,true,4668,,203,93,,everyone,rss
medium,medium:zulie,b2e4b906d558,https://zulie.medium.com/my-intuition-was-actually-just-anxiety-i-learned-how-to-tell-the-difference-b2e4b906d558,"Fri, 27 Mar 2026 00:56:42 GMT",2026-03,"My ""intuition"" was actually just anxiety. I learned how to tell the difference.",false,false,19,wellness|lifestyle|health|self-improvement|mental-health,,,,,rss
medium,medium:zulie,128effcabcae,https://medium.com/zulie-writes/how-my-husband-got-me-to-play-magic-the-gathering-128effcabcae,"Thu, 29 Jan 2026 13:50:56 GMT",2026-01,How My Husband Got Me to Play Magic: The Gathering,false,false,22,magic-the-gathering|relationships|games|parenting|board-games,,,,,rss
medium,medium:zulie,f7e7cef93043,https://medium.com/gardening-birding-and-outdoor-adventure/four-tips-for-closing-your-garden-for-the-winter-f7e7cef93043,"Tue, 02 Dec 2025 18:34:10 GMT",2025-12,Four tips for closing your garden for the winter,false,false,18,outdoors|photography|nature|plants|gardening,,,,,rss
medium,medium:zulie,15eed3ce6cc5,https://medium.com/up-to-spec/dark-academia-books-need-more-middle-aged-protagonists-15eed3ce6cc5,"Tue, 14 Oct 2025 14:59:28 GMT",2025-10,Dark academia books need more middle-aged protagonists,false,false,7,books|personal-development|relationships|reading|writing,,,,,rss
medium,medium:zulie,36f79fb789b6,https://zulie.medium.com/on-shoehorning-your-hobby-into-your-job-no-it-wont-kill-your-passion-36f79fb789b6,"Mon, 30 Jun 2025 19:56:16 GMT",2025-06,"On shoehorning your hobby into your job (no, it won’t kill your passion)",false,true,869,just-start-writing|work|productivity|writing|careers,,,,,rss
medium,medium:zulie,98317c192c9b,https://writingcooperative.com/the-case-for-killing-directionless-verbs-in-your-writing-98317c192c9b,"Thu, 01 May 2025 13:01:44 GMT",2025-05,The Case for Killing “Directionless Verbs” in Your Writing,false,false,18,editing|writing-tips|writing|editing-and-proofreading|draft-day-2025,,,,,rss
medium,medium:zulie,172c0bbd3280,https://medium.com/the-parenting-portal/the-problem-with-science-communication-as-demonstrated-with-50mls-of-breast-milk-172c0bbd3280,"Thu, 17 Apr 2025 12:50:32 GMT",2025-04,The Problem with Science Communication (as Demonstrated with 50mls of Breast Milk),false,false,12,health|parenting|science|family|research,,,,,rss
medium,medium:zulie,5b7d84d199b0,https://medium.com/zulie-writes/my-abortion-is-why-a-heartbeat-ban-doesnt-work-5b7d84d199b0,"Wed, 29 Jan 2025 23:16:48 GMT",2025-01,I Aborted a Wanted Pregnancy,false,false,19,politics|health|culture|women|society,,,,,rss
medium,medium:zulie,88779d61893d,https://medium.com/the-parenting-portal/24-things-i-learned-about-motherhood-in-2024-88779d61893d,"Sat, 14 Dec 2024 13:01:29 GMT",2024-12,24 Things I Learned About Motherhood in 2024,false,false,17,relationships|parenting|children|culture|womens-health,,,,,rss
medium,medium:zulie,18be4740fa7d,https://medium.com/zulie-writes/why-i-left-a-successful-creator-career-for-full-time-work-18be4740fa7d,"Fri, 09 Aug 2024 14:22:45 GMT",2024-08,Why I Left a Successful Creator Career for Full-Time Work,false,false,11,culture|productivity|writing|work|entrepreneurship,,,,,rss
medium,medium:tomaspueyo,390de6b595e5,https://tomaspueyo.medium.com/what-china-wants-and-why-390de6b595e5,"Mon, 20 Jul 2026 04:52:15 GMT",2026-07,What China Wants and Why,false,false,26,history|geography|china|geopolitics|maps,,,,,rss
medium,medium:tomaspueyo,f44daa8b065c,https://tomaspueyo.medium.com/venezuelas-excrement-f44daa8b065c,"Mon, 22 Jun 2026 19:19:03 GMT",2026-06,Venezuela’s Excrement,false,false,18,geopolitics|donald-trump|energy|history|economics,,,,,rss
medium,medium:tomaspueyo,11d8cc80cc28,https://tomaspueyo.medium.com/where-geniuses-hide-today-11d8cc80cc28,"Mon, 15 Jun 2026 11:01:01 GMT",2026-06,Where Geniuses Hide Today,false,false,20,self-improvement|self-help|science|art|career-advice,,,,,rss
medium,medium:tomaspueyo,0b2ab5fd537a,https://tomaspueyo.medium.com/how-did-islam-spread-so-fast-0b2ab5fd537a,"Mon, 08 Jun 2026 08:41:52 GMT",2026-06,How Did Islam Spread So Fast?,false,false,30,geopolitics|history|islam|religion|geography,,,,,rss
medium,medium:tomaspueyo,11b10ebda363,https://tomaspueyo.medium.com/argentina-could-be-a-superpower-11b10ebda363,"Tue, 28 Oct 2025 11:21:16 GMT",2025-10,Argentina Could Be a Superpower,false,false,11,geopolitics|geography|history|argentina|politics,,,,,rss
medium,medium:tomaspueyo,933e28e6427d,https://tomaspueyo.medium.com/why-warm-countries-are-poorer-933e28e6427d,"Mon, 29 Sep 2025 12:01:56 GMT",2025-09,Why Warm Countries Are Poorer,false,false,9,development|history|inequality|geopolitics|geography,,,,,rss
medium,medium:tomaspueyo,8411cbc68e61,https://tomaspueyo.medium.com/never-bet-against-america-8411cbc68e61,"Mon, 08 Sep 2025 10:50:24 GMT",2025-09,Never Bet Against America,false,false,9,geography|geopolitics|united-states|history|usa,,,,,rss
medium,medium:tomaspueyo,db717df2ee86,https://tomaspueyo.medium.com/why-did-israel-strike-iran-now-db717df2ee86,"Wed, 25 Jun 2025 12:01:55 GMT",2025-06,Why Did Israel Strike Iran Now?,false,false,26,,,,,,rss
medium,medium:tomaspueyo,89495aa078e2,https://tomaspueyo.medium.com/two-maps-to-understand-iran-89495aa078e2,"Mon, 23 Jun 2025 13:46:03 GMT",2025-06,Two Maps to Understand Iran,false,false,29,iran|israel|war|usa|geopolitics,,,,,rss
medium,medium:tomaspueyo,ad88905789b2,https://tomaspueyo.medium.com/the-four-layers-of-fashion-ad88905789b2,"Mon, 12 May 2025 13:37:48 GMT",2025-05,The Four Layers of Fashion,false,false,12,design|evolutionary-psychology|fashion-trends|clothing|fashion,,,,,rss
medium,medium:uxdesigncc,6a73f144b56e,https://uxdesign.cc/altman-and-amodeis-unsafe-at-any-prompt-moment-for-ai-6a73f144b56e,"Fri, 18 Sep 2026 07:38:53 GMT",2026-09,Altman and Amodei’s “unsafe at any prompt” moment for AI,false,true,3144,design|ai|ai-agent-development|ux,,,,,rss
medium,medium:uxdesigncc,a62f1f8230ac,https://uxdesign.cc/please-dont-stretch-your-app-for-foldables-a62f1f8230ac,"Thu, 17 Sep 2026 21:34:12 GMT",2026-09,Please don’t stretch your app for foldables,false,true,1919,ios|ui|android|ux-design|ux,,,,,rss
medium,medium:uxdesigncc,1c70188b3998,https://uxdesign.cc/rethinking-writing-in-the-world-of-design-and-ai-1c70188b3998,"Thu, 17 Sep 2026 21:33:43 GMT",2026-09,Rethinking writing in the world of design and AI,false,true,2330,design|writing|medium|ux|product-design,,,,,rss
medium,medium:uxdesigncc,7407503330e8,https://uxdesign.cc/the-evidence-at-work-7407503330e8,"Thu, 17 Sep 2026 21:29:20 GMT",2026-09,The evidence at work,false,false,29,design|psychology|ux|technology|business,,,,,rss
medium,medium:uxdesigncc,fcc554e853aa,https://uxdesign.cc/nothing-has-changed-other-than-how-we-talk-about-it-fcc554e853aa,"Thu, 17 Sep 2026 21:29:03 GMT",2026-09,Nothing has changed other than how we talk about it,false,true,1743,ux|design|design-thinking|user-experience|careers,,,,,rss
medium,medium:uxdesigncc,d5de922e54d9,https://uxdesign.cc/lost-dog-or-lost-designer-d5de922e54d9,"Thu, 17 Sep 2026 04:31:32 GMT",2026-09,Lost dog—or lost designer?,false,true,1899,design|technology|visual-design|ux|ai,,,,,rss
medium,medium:uxdesigncc,73e9f58bfbc8,https://uxdesign.cc/what-shakespeare-got-wrong-about-ai-73e9f58bfbc8,"Wed, 16 Sep 2026 15:21:34 GMT",2026-09,What Shakespeare got wrong about AI,false,true,4954,design|ux-design|product-management|startup|ai,,,,,rss
medium,medium:uxdesigncc,2cb59ec05a73,https://uxdesign.cc/dont-let-ai-build-a-winchester-mystery-house-2cb59ec05a73,"Wed, 16 Sep 2026 07:27:23 GMT",2026-09,Don’t let AI build a Winchester Mystery House,false,true,2771,ai|ux,,,,,rss
medium,medium:uxdesigncc,36c7d410cd1f,https://uxdesign.cc/ai-culture-ux-design-36c7d410cd1f,"Tue, 15 Sep 2026 11:13:46 GMT",2026-09,The hidden culture layer in AI,false,false,23,culture|ai|ux-design|artificial-intelligence|ux,,,,,rss
medium,medium:uxdesigncc,4b1546dc5864,https://uxdesign.cc/the-users-were-confident-but-wrong-heres-how-to-design-for-that-4b1546dc5864,"Tue, 15 Sep 2026 11:13:17 GMT",2026-09,"The users were confident, but wrong. Here’s how to design for that.",false,false,19,ux-design|communication|design|ux|product-design,,,,,rss
