year_month,n_posts
2020-04,1
2020-05,1
2021-04,1
2021-08,1
2021-09,11
2021-11,2
2021-12,1
2022-04,1
2022-05,1
2022-07,1
2022-10,1
2023-03,1
2023-06,1
2023-08,3
2023-09,3
2023-10,3
2023-11,4
2023-12,7
2024-01,10
2024-02,5
2024-03,10
2024-04,6
2024-05,9
2024-06,8
2024-07,7
2024-08,7
2024-09,8
2024-10,14
2024-11,14
2024-12,12
2025-01,9
2025-02,19
2025-03,13
2025-04,10
2025-05,14
2025-06,12
2025-07,10
2025-08,15
2025-09,11
2025-10,21
2025-11,27
2025-12,22
2026-01,36
2026-02,26
2026-03,34
2026-04,41
2026-05,67
2026-06,137
2026-07,200
2026-08,198
2026-09,368
