platform,creator,error
medium,psiloveyou,HTTP Error 429: Too Many Requests
medium,mindcafe,HTTP Error 429: Too Many Requests
medium,personal-growth,HTTP Error 429: Too Many Requests
medium,illumination,HTTP Error 429: Too Many Requests
medium,curious,HTTP Error 429: Too Many Requests
medium,thebolditalic,HTTP Error 429: Too Many Requests
medium,heated,HTTP Error 429: Too Many Requests
medium,krisgage,HTTP Error 429: Too Many Requests
medium,writingcooperative,HTTP Error 404: Not Found
medium,entrepreneurshandbook,HTTP Error 404: Not Found
