months_in_sample,creators
1,5435
2,2906
3,2228
4,1799
5,1423
6,1281
7,1019
8,944
9,786
10,645
11,599
12,541
13,483
14,438
15,409
16,317
17,320
18,277
19,251
20,223
21,231
22,164
23,163
24,150
25,161
26,131
27,121
28,84
29,97
30,104
31,68
32,82
33,79
34,61
35,74
36,55
37,39
38,53
39,36
40,38
41,26
42,37
43,21
44,25
45,22
46,17
47,21
48,25
49,25
50,23
51,18
52,11
53,10
54,10
55,16
56,14
57,16
58,9
59,3
60,9
61,7
62,8
63,4
64,5
65,4
66,5
67,7
68,3
69,5
70,2
71,2
72,4
73,1
74,1
75,1
76,5
77,2
79,1
81,4
