year_month,sampled_creators,qualifying_posts,selected_posts,qualifying_p50,qualifying_p90,qualifying_max,creators_with_4plus,creators_with_10plus
2020-01,2128,7224,4258,2,6,96,653,117
2020-02,2182,7207,4396,2,6,91,672,108
2020-03,2500,9087,5228,2,7,99,853,167
2020-04,2500,9396,5241,2,7,62,854,175
2020-05,2500,9293,5259,2,7,72,894,152
2020-06,2500,9112,5184,2,7,110,858,160
2020-07,2500,9284,5234,2,7,92,861,157
2020-08,2500,8913,5225,2,6,105,848,150
2020-09,2500,8651,5228,2,6,97,843,136
2020-10,2500,8506,5205,2,6,100,832,131
2020-11,2500,8412,5185,2,6,103,807,122
2020-12,2500,8129,5043,2,6,100,700,126
2021-01,2500,8519,5177,2,6,97,793,134
2021-02,2500,8173,5260,2,6,93,845,114
2021-03,2500,8722,5261,2,6,100,885,126
2021-04,2500,8542,5190,2,6,94,837,126
2021-05,2500,8489,5138,2,6,101,813,131
2021-06,2500,8652,5111,2,6,94,808,133
2021-07,2500,8565,5127,2,6,90,787,136
2021-08,2500,8656,5096,2,6,93,790,134
2021-09,2500,8535,5115,2,6,83,797,146
2021-10,2500,8674,5113,2,6,86,815,133
2021-11,2500,8516,5083,2,6,82,773,131
2021-12,2500,8545,5034,2,6,86,717,134
2022-01,2500,9338,5210,2,7,316,795,155
2022-02,2500,8566,5194,2,6,85,825,135
2022-03,2500,9056,5129,2,6,97,817,150
2022-04,2500,8972,5172,2,7,87,810,153
2022-05,2500,9071,5253,2,7,91,845,152
2022-06,2500,8908,5098,2,7,90,775,149
2022-07,2500,8912,5097,2,6,87,784,155
2022-08,2500,9290,5156,2,7,87,810,162
2022-09,2500,9040,5164,2,7,78,814,153
2022-10,2500,8734,5130,2,6,86,817,140
2022-11,2500,8734,5168,2,6,158,776,136
2022-12,2500,8418,5095,2,6,85,738,130
2023-01,2500,8858,5173,2,6,82,793,143
2023-02,2500,8425,5118,2,6,76,763,130
2023-03,2500,8767,5161,2,6,74,806,144
2023-04,2500,8425,5135,2,6,74,790,125
2023-05,2500,8682,5167,2,6,72,796,133
2023-06,2500,8615,5072,2,7,106,743,141
2023-07,2500,8718,5142,2,7,93,806,134
2023-08,2500,8674,5151,2,7,73,791,133
2023-09,2500,8517,5058,2,7,84,740,134
2023-10,2500,8823,5150,2,7,107,789,136
2023-11,2500,8630,5159,2,7,94,795,129
2023-12,2500,8290,5011,2,6,70,703,131
2024-01,2500,8769,5130,2,7,99,786,140
2024-02,2500,8375,5119,2,6,75,780,116
2024-03,2500,8452,5125,2,7,70,774,126
2024-04,2500,8230,5034,2,6,60,739,118
2024-05,2500,8517,5083,2,6,62,748,128
2024-06,2500,8324,5059,2,6,62,722,115
2024-07,2500,8515,5117,2,6,63,765,132
2024-08,2500,8164,5016,2,6,71,722,117
2024-09,2500,8338,5077,2,6,56,754,121
2024-10,2500,8679,5134,2,7,57,769,147
2024-11,2500,8361,5073,2,6,52,753,133
2024-12,2500,8466,5018,2,7,55,679,156
2025-01,2500,8851,5153,2,7,57,791,150
2025-02,2500,8795,5159,2,7,146,777,133
2025-03,2500,9171,5188,2,7,86,789,149
2025-04,2500,9097,5209,2,7,128,796,151
2025-05,2500,8966,5168,2,7,104,807,150
2025-06,2500,9031,5199,2,7,62,791,146
2025-07,2500,9265,5191,2,8,63,817,174
2025-08,2500,9022,5155,2,7,63,817,151
2025-09,2500,9477,5188,2,7,166,813,158
2025-10,2500,9648,5177,2,8,206,816,174
2025-11,2500,9354,5202,2,7,124,784,174
2025-12,2500,9304,5103,2,7,109,748,177
2026-01,2500,9428,5213,2,7,109,845,173
2026-02,2500,9051,5168,2,7,175,794,146
2026-03,2500,9595,5272,2,7,98,864,152
2026-04,2500,9201,5211,2,7,83,806,155
2026-05,2500,9266,5229,2,7,76,826,158
2026-06,2500,8925,5145,2,7,80,797,148
2026-07,2500,9079,5144,2,7,85,798,160
2026-08,2500,9249,5188,2,7,83,799,157
2026-09,2500,6256,4497,2,5,47,378,75
