month,creator_months,unique_selected_texts,selected_text_assignments,observed_days,is_partial_month,provisional,final_sampling_ready,validation_passed
2020-01,2128,4256,4258,31,False,True,False,True
2020-02,2182,4392,4396,29,False,True,False,True
2020-03,2500,5218,5228,31,False,True,False,True
2020-04,2500,5232,5241,30,False,True,False,True
2020-05,2500,5255,5259,31,False,True,False,True
2020-06,2500,5177,5184,30,False,True,False,True
2020-07,2500,5224,5234,31,False,True,False,True
2020-08,2500,5215,5225,31,False,True,False,True
2020-09,2500,5202,5228,30,False,True,False,True
2020-10,2500,5175,5205,31,False,True,False,True
2020-11,2500,5152,5185,30,False,True,False,True
2020-12,2500,5016,5043,31,False,True,False,True
2021-01,2500,5146,5177,31,False,True,False,True
2021-02,2500,5219,5260,28,False,True,False,True
2021-03,2500,5233,5261,31,False,True,False,True
2021-04,2500,5164,5190,30,False,True,False,True
2021-05,2500,5104,5138,31,False,True,False,True
2021-06,2500,5074,5111,30,False,True,False,True
2021-07,2500,5084,5127,31,False,True,False,True
2021-08,2500,5061,5096,31,False,True,False,True
2021-09,2500,5083,5115,30,False,True,False,True
2021-10,2500,5080,5113,31,False,True,False,True
2021-11,2500,5055,5083,30,False,True,False,True
2021-12,2500,4997,5034,31,False,True,False,True
2022-01,2500,5166,5210,31,False,True,False,True
2022-02,2500,5145,5194,28,False,True,False,True
2022-03,2500,5095,5129,31,False,True,False,True
2022-04,2500,5137,5172,30,False,True,False,True
2022-05,2500,5222,5253,31,False,True,False,True
2022-06,2500,5069,5098,30,False,True,False,True
2022-07,2500,5070,5097,31,False,True,False,True
2022-08,2500,5125,5156,31,False,True,False,True
2022-09,2500,5133,5164,30,False,True,False,True
2022-10,2500,5097,5130,31,False,True,False,True
2022-11,2500,5136,5168,30,False,True,False,True
2022-12,2500,5077,5095,31,False,True,False,True
2023-01,2500,5156,5173,31,False,True,False,True
2023-02,2500,5103,5118,28,False,True,False,True
2023-03,2500,5148,5161,31,False,True,False,True
2023-04,2500,5120,5135,30,False,True,False,True
2023-05,2500,5152,5167,31,False,True,False,True
2023-06,2500,5045,5072,30,False,True,False,True
2023-07,2500,5120,5142,31,False,True,False,True
2023-08,2500,5130,5151,31,False,True,False,True
2023-09,2500,5041,5058,30,False,True,False,True
2023-10,2500,5135,5150,31,False,True,False,True
2023-11,2500,5148,5159,30,False,True,False,True
2023-12,2500,4999,5011,31,False,True,False,True
2024-01,2500,5113,5130,31,False,True,False,True
2024-02,2500,5106,5119,29,False,True,False,True
2024-03,2500,5107,5125,31,False,True,False,True
2024-04,2500,5021,5034,30,False,True,False,True
2024-05,2500,5071,5083,31,False,True,False,True
2024-06,2500,5046,5059,30,False,True,False,True
2024-07,2500,5096,5117,31,False,True,False,True
2024-08,2500,4996,5016,31,False,True,False,True
2024-09,2500,5063,5077,30,False,True,False,True
2024-10,2500,5105,5134,31,False,True,False,True
2024-11,2500,5054,5073,30,False,True,False,True
2024-12,2500,4995,5018,31,False,True,False,True
2025-01,2500,5134,5153,31,False,True,False,True
2025-02,2500,5143,5159,28,False,True,False,True
2025-03,2500,5178,5188,31,False,True,False,True
2025-04,2500,5191,5209,30,False,True,False,True
2025-05,2500,5147,5168,31,False,True,False,True
2025-06,2500,5183,5199,30,False,True,False,True
2025-07,2500,5178,5191,31,False,True,False,True
2025-08,2500,5144,5155,31,False,True,False,True
2025-09,2500,5175,5188,30,False,True,False,True
2025-10,2500,5166,5177,31,False,True,False,True
2025-11,2500,5187,5202,30,False,True,False,True
2025-12,2500,5095,5103,31,False,True,False,True
2026-01,2500,5201,5213,31,False,True,False,True
2026-02,2500,5159,5168,28,False,True,False,True
2026-03,2500,5263,5272,31,False,True,False,True
2026-04,2500,5196,5211,30,False,True,False,True
2026-05,2500,5217,5229,31,False,True,False,True
2026-06,2500,5136,5145,30,False,True,False,True
2026-07,2500,5139,5144,31,False,True,False,True
2026-08,2500,5179,5188,31,False,True,False,True
2026-09,2500,4485,4497,17,True,True,False,True
