year_month,posts,creators,mean_words,median_words
2020-01,481,259,1007.8,723
2020-02,495,244,966.2,728
2020-03,596,284,1003.4,774
2020-04,698,338,1038.2,769
2020-05,714,334,1042.1,811
2020-06,767,372,1070.8,776
2020-07,815,394,1108.9,854
2020-08,867,411,1117.7,838
2020-09,986,461,1074.5,808
2020-10,1044,497,1081.5,807
2020-11,1115,525,1118.1,813
2020-12,1182,589,1091.9,839
2021-01,1383,667,1103.5,861
2021-02,1516,711,1176.4,915
2021-03,1638,770,1128.0,917
2021-04,1737,817,1102.1,885
2021-05,1771,845,1101.0,847
2021-06,1783,868,1126.3,888
2021-07,1792,862,1127.4,890
2021-08,1911,941,1206.6,885
2021-09,2059,986,1135.7,861
2021-10,2164,1034,1114.2,851
2021-11,2198,1072,1137.4,856
2021-12,2326,1138,1122.4,854
2022-01,2765,1291,1137.1,886
2022-02,2843,1342,1164.6,916
2022-03,3071,1452,1206.2,903
2022-04,3081,1470,1159.4,903
2022-05,3291,1521,1158.2,908
2022-06,3430,1652,1161.3,897
2022-07,3569,1703,1146.7,910
2022-08,3757,1775,1159.3,892
2022-09,4077,1938,1169.5,882
2022-10,4393,2088,1161.5,896
2022-11,4708,2240,1128.6,862
2022-12,4668,2255,1154.4,909
2023-01,4246,2014,1238.3,923
2023-02,3883,1890,1228.1,935
2023-03,3662,1748,1230.0,917
2023-04,3498,1682,1219.3,917
2023-05,3286,1586,1233.3,915
2023-06,3090,1504,1196.8,911
2023-07,3004,1465,1258.6,948
2023-08,2777,1331,1245.9,934
2023-09,2682,1307,1259.0,955
2023-10,2599,1252,1234.7,933
2023-11,2513,1202,1226.9,923
2023-12,2347,1173,1248.3,920
2024-01,2187,1052,1244.6,956
2024-02,2098,1011,1262.6,961
2024-03,2021,976,1233.4,957
2024-04,1933,954,1264.6,966
2024-05,1870,899,1292.0,966
2024-06,1784,875,1284.7,937
2024-07,1730,841,1269.9,964
2024-08,1685,838,1263.1,946
2024-09,1647,808,1289.4,917
2024-10,1621,766,1201.8,884
2024-11,1546,764,1208.6,913
2024-12,1472,734,1286.3,947
2025-01,1339,649,1206.9,924
2025-02,1307,632,1252.7,950
2025-03,1283,623,1257.5,969
2025-04,1197,568,1220.2,899
2025-05,1158,563,1240.2,958
2025-06,1072,508,1289.6,963
2025-07,1069,506,1243.2,945
2025-08,1019,493,1348.2,959
2025-09,1025,488,1216.9,861
2025-10,986,476,1187.0,891
2025-11,994,469,1170.9,887
2025-12,969,472,1192.0,941
2026-01,901,432,1276.0,947
2026-02,885,436,1289.1,932
2026-03,881,409,1290.4,981
2026-04,851,399,1301.3,939
2026-05,826,383,1273.4,956
2026-06,805,381,1359.1,986
2026-07,749,363,1330.7,1013
2026-08,734,352,1386.1,995
2026-09,684,381,1485.0,1046
