year_month,posts,mean_words,median_words,p90_words,paywalled,zero_likes,zero_comments,median_likes,p90_likes,median_comments
2020-01,4256,1039.4,777,1985,0,2761,4180,0,4,0
2020-02,4392,1020.7,784,1989,0,2822,4179,0,4,0
2020-03,5218,1012.9,783,1925,0,3199,4819,0,5,0
2020-04,5232,1052.2,796,2025,0,3118,4779,0,5,0
2020-05,5255,1086.3,838,2063,0,2892,4730,0,6,0
2020-06,5177,1084.0,833,2056,0,2820,4645,0,6,0
2020-07,5224,1125.1,851,2082,0,2701,4560,0,7,0
2020-08,5215,1097.2,855,2114,0,2559,4549,1,7,0
2020-09,5202,1091.6,820,2088,0,2634,4469,0,7,0
2020-10,5175,1081.9,839,2106,0,2665,4475,0,6,0
2020-11,5152,1080.8,832,2065,0,2597,4397,0,6,0
2020-12,5016,1111.1,862,2091,0,2430,4222,1,6,0
2021-01,5146,1114.0,871,2128,0,2302,4171,1,7,0
2021-02,5219,1128.2,889,2130,0,2239,4180,1,7,0
2021-03,5233,1116.4,880,2150,0,2288,4251,1,7,0
2021-04,5164,1137.3,885,2168,0,2270,4187,1,7,0
2021-05,5104,1104.4,868,2124,0,2259,4070,1,7,0
2021-06,5074,1124.4,872,2165,0,2212,4081,1,7,0
2021-07,5084,1149.6,885,2206,0,2162,4036,1,7,0
2021-08,5061,1140.9,860,2175,0,2167,4016,1,8,0
2021-09,5083,1113.6,856,2121,0,2163,4033,1,8,0
2021-10,5080,1123.6,853,2136,0,2103,4012,1,8,0
2021-11,5055,1149.5,873,2220,0,2072,3906,1,8,0
2021-12,4997,1146.1,870,2143,0,1941,3757,1,9,0
2022-01,5166,1186.3,903,2167,0,1892,3781,1,10,0
2022-02,5145,1159.8,901,2175,0,1814,3740,1,10,0
2022-03,5095,1204.4,914,2170,0,1707,3659,2,10,0
2022-04,5137,1166.9,891,2262,0,1695,3659,2,11,0
2022-05,5222,1176.0,909,2210,0,1683,3711,2,12,0
2022-06,5069,1150.9,886,2219,0,1580,3578,2,14,0
2022-07,5070,1168.1,900,2229,0,1494,3457,2,13,0
2022-08,5125,1159.3,892,2207,0,1550,3536,2,13,0
2022-09,5133,1147.0,879,2173,0,1533,3538,2,14,0
2022-10,5097,1161.4,900,2269,0,1515,3468,2,13,0
2022-11,5136,1133.9,871,2180,0,1568,3511,2,13,0
2022-12,5077,1163.0,908,2276,0,1430,3391,2,13,0
2023-01,5156,1222.1,911,2360,0,1378,3324,2,14,0
2023-02,5103,1201.0,925,2248,0,1427,3333,2,14,0
2023-03,5148,1202.6,904,2351,0,1363,3287,2,14,0
2023-04,5120,1188.6,893,2277,0,1319,3170,2,16,0
2023-05,5152,1199.4,895,2292,0,1340,3242,2,16,0
2023-06,5045,1188.1,902,2258,0,1274,3112,2,16,0
2023-07,5120,1204.2,919,2300,0,1247,3106,2,18,0
2023-08,5130,1209.5,912,2323,0,1250,3174,3,17,0
2023-09,5041,1209.9,926,2312,0,1168,3054,3,19,0
2023-10,5135,1207.0,923,2292,0,1201,3103,3,18,0
2023-11,5148,1216.1,919,2328,0,1178,3117,3,18,0
2023-12,4999,1216.7,895,2349,0,1080,2969,3,19,0
2024-01,5113,1210.7,939,2298,0,944,2884,3,20,0
2024-02,5106,1237.7,942,2354,0,1094,2990,3,20,0
2024-03,5107,1223.6,936,2333,0,1063,2927,3,18,0
2024-04,5021,1225.6,936,2367,0,1078,2872,3,19,0
2024-05,5071,1228.0,929,2307,0,1041,2895,3,20,0
2024-06,5046,1228.0,921,2323,0,997,2871,3,21,0
2024-07,5096,1255.9,927,2315,0,1009,2829,3,23,0
2024-08,4996,1223.9,934,2304,0,897,2671,4,25,0
2024-09,5063,1253.5,932,2344,0,912,2726,4,26,0
2024-10,5105,1205.3,903,2304,0,884,2767,4,27,0
2024-11,5054,1167.9,898,2247,0,891,2791,4,24,0
2024-12,4995,1182.8,898,2274,0,872,2782,4,25,0
2025-01,5134,1204.1,902,2261,0,802,2657,4,29,0
2025-02,5143,1187.5,902,2225,0,755,2674,4,28,0
2025-03,5178,1189.2,925,2261,0,769,2714,4,29,0
2025-04,5191,1156.4,888,2167,0,692,2721,4,29,0
2025-05,5147,1196.2,901,2294,0,764,2695,4,30,0
2025-06,5183,1181.8,891,2146,0,653,2720,4,29,0
2025-07,5178,1168.6,902,2173,0,568,2650,5,31,0
2025-08,5144,1201.5,897,2246,0,497,2609,5,29,0
2025-09,5175,1158.5,887,2178,0,543,2680,5,28,0
2025-10,5166,1186.1,896,2264,0,524,2732,5,29,0
2025-11,5187,1183.1,903,2222,0,499,2594,5,31,0
2025-12,5095,1195.2,910,2238,0,480,2508,5,32,1
2026-01,5201,1213.4,912,2258,0,228,2376,6,34,1
2026-02,5159,1229.4,913,2390,0,436,2506,6,33,1
2026-03,5263,1268.3,957,2370,0,366,2545,6,37,1
2026-04,5196,1278.9,950,2338,0,517,2558,6,34,1
2026-05,5217,1306.4,980,2486,0,537,2456,6,39,1
2026-06,5136,1313.7,1017,2500,0,525,2388,6,36,1
2026-07,5139,1293.5,1007,2436,0,515,2432,6,36,1
2026-08,5179,1335.8,1042,2511,0,436,2434,6,36,1
2026-09,4485,1360.5,1047,2638,0,420,2149,6,31,1
